3064,ＭｏｎｏｔａＲＯ,,
4175,ｃｏｌｙ,,
485A,パワーエックス,,
6862,ミナトホールディングス,,
6526,ソシオネクスト,,
6141,ＤＭＧ森精機,,
3053,ペッパーフードサービス,,
7636,ハンズマン,,
9956,バローホールディングス,,
6327,北川精機,,
268A,リガク・ホールディングス,,
6323,ローツェ,,
2962,テクニスコ,,
9962,ミスミグループ本社,,
6522,アスタリスク,,
4005,住友化学,,
7806,ＭＴＧ,,
6838,多摩川ホールディングス,,
1945,東京エネシス,,
3436,ＳＵＭＣＯ,,
2802,味の素,,
6814,古野電気,,
5032,ＡＮＹＣＯＬＯＲ,,
5253,カバー,,
3231,野村不動産ホールディングス,,
5016,ＪＸ金属,,
7911,ＴＯＰＰＡＮホールディングス,,
4042,東ソー,,
6744,能美防災,,
6844,新電元工業,,
8766,東京海上ホールディングス,,
9432,ＮＴＴ,,
2698,キャンドゥ,,
6191,エアトリ,,
8725,ＭＳ＆ＡＤインシュアランスグループホールディングス,,
8136,サンリオ,,
6203,豊和工業,,
5981,東京製綱,,
7013,ＩＨＩ,,
6330,東洋エンジニアリング,,
